{
  "id": "",
  "name": "",
  "font_family": "iconfont",
  "css_prefix_text": "icon-",
  "description": "",
  "glyphs": [
    {
      "icon_id": "448450",
      "name": "播放",
      "font_class": "bofang",
      "unicode": "e6ad",
      "unicode_decimal": 59053
    },
    {
      "icon_id": "1244550",
      "name": "分类",
      "font_class": "fenlei",
      "unicode": "e638",
      "unicode_decimal": 58936
    },
    {
      "icon_id": "2116281",
      "name": "喜欢",
      "font_class": "love_icon",
      "unicode": "e65b",
      "unicode_decimal": 58971
    },
    {
      "icon_id": "2154282",
      "name": "循环播放_32",
      "font_class": "xunhuanbofang",
      "unicode": "e66c",
      "unicode_decimal": 58988
    },
    {
      "icon_id": "3216218",
      "name": "随机",
      "font_class": "icon--",
      "unicode": "e77d",
      "unicode_decimal": 59261
    },
    {
      "icon_id": "3705325",
      "name": "上一首",
      "font_class": "shangyishou-yuanshijituantubiao",
      "unicode": "e62c",
      "unicode_decimal": 58924
    },
    {
      "icon_id": "3705327",
      "name": "下一首",
      "font_class": "xiayishou-yuanshijituantubiao",
      "unicode": "e62d",
      "unicode_decimal": 58925
    },
    {
      "icon_id": "4166140",
      "name": "朋友",
      "font_class": "pengyou",
      "unicode": "e61a",
      "unicode_decimal": 58906
    },
    {
      "icon_id": "5330671",
      "name": "音乐",
      "font_class": "yinle",
      "unicode": "e7b8",
      "unicode_decimal": 59320
    },
    {
      "icon_id": "6536736",
      "name": "播放",
      "font_class": "bofang1",
      "unicode": "e667",
      "unicode_decimal": 58983
    },
    {
      "icon_id": "9017759",
      "name": "信号",
      "font_class": "xinhao",
      "unicode": "e60c",
      "unicode_decimal": 58892
    },
    {
      "icon_id": "12103653",
      "name": "用户收藏，用户关注",
      "font_class": "huabanfuben",
      "unicode": "eb81",
      "unicode_decimal": 60289
    },
    {
      "icon_id": "16242860",
      "name": "M_循环",
      "font_class": "M_xunhuan",
      "unicode": "e75d",
      "unicode_decimal": 59229
    }
  ]
}
